run_id,server,root_path,eval_csv,train_csv,command_txt,visual_domain,task_id,env,config_name,method_group,seed,target_steps,final_step,status,final_success,final_return,final_length,best_peak_success,best_peak_step,best_peak_return,best_peak_length,peak_after_500k_success,peak_after_500k_step,drop_final_from_peak,trajectory_short,has_checkpoint,checkpoint_count,has_best_checkpoint,has_final_checkpoint,latest_stable_diagnostics,notes,mtime
dual_disagree_std_lam0p001_seed2_1m_paper_like_b256_s16_f10_domain_visual-antmaze-medium-navigate_visual-antmaze-medium-navigate-singletask-task2-v0_R2_flow_residual_disagree_std_lam0p001_seed2_1m_paper_like_b256_s16_f10,4090d,/root/autodl-tmp/sb-value-flows-runs/visual_matched_4090d_v7/exp/domain_visual-antmaze-medium-navigate_visual-antmaze-medium-navigate-singletask-task2-v0_R2_flow_residual_disagree_std_lam0p001_seed2_1m_paper_like_b256_s16_f10/domain_visual-antmaze-medium-navigate_visual-antmaze-medium-navigate-singletask-task2-v0_R2_flow_residual_disagree_std_lam0p001_seed2_1m_paper_like_b256_s16_f10,/root/autodl-tmp/sb-value-flows-runs/visual_matched_4090d_v7/exp/domain_visual-antmaze-medium-navigate_visual-antmaze-medium-navigate-singletask-task2-v0_R2_flow_residual_disagree_std_lam0p001_seed2_1m_paper_like_b256_s16_f10/domain_visual-antmaze-medium-navigate_visual-antmaze-medium-navigate-singletask-task2-v0_R2_flow_residual_disagree_std_lam0p001_seed2_1m_paper_like_b256_s16_f10/sd002_20260612_092355/eval.csv,/root/autodl-tmp/sb-value-flows-runs/visual_matched_4090d_v7/exp/domain_visual-antmaze-medium-navigate_visual-antmaze-medium-navigate-singletask-task2-v0_R2_flow_residual_disagree_std_lam0p001_seed2_1m_paper_like_b256_s16_f10/domain_visual-antmaze-medium-navigate_visual-antmaze-medium-navigate-singletask-task2-v0_R2_flow_residual_disagree_std_lam0p001_seed2_1m_paper_like_b256_s16_f10/sd002_20260612_092355/train.csv,,visual-antmaze-medium-navigate,task2,visual-antmaze-medium-navigate-singletask-task2-v0,R2,v7,2,1000000,1000000,completed_1m,0.02,-991.98,992.0,0.82,200000,-598.36,599.18,0.24,700000,-0.7999999999999999,1:0 -> 100k:0.48 -> 200k:0.82 -> 300k:0.6 -> 400k:0.22 -> 500k:0.2 -> 600k:0.18 -> 700k:0.24 -> 800k:0.18 -> 900k:0.06 -> 1M:0.02,False,0,False,False,training/actor/actor_disagree=0.684308; training/actor/actor_disagree_penalty=0.999999; training/critic/pm/base_ess=2.45285; training/critic/pm/base_weight_max=0.619496; training/critic/pm/disagree_mean=0.155035; training/critic/pm/disagree_std=0.334461; training/critic/pm/energy_for_reliability=1166.73; training/critic/pm/energy_reliability_is_residual=0; training/critic/pm/ess=2.45278; training/critic/pm/ess_max=3.84438; training/critic/pm/ess_min=2.14685; training/critic/pm/ess_penalty=0.655029; training/critic/pm/flow_residual_mean=357.562; training/critic/pm/flow_residual_std=469.914; training/critic/pm/projected_ess=2.45278; training/critic/pm/projected_weight_max=0.619745; training/critic/pm/rel_weight_max=1; training/critic/pm/reliability_ess=2.45278; training/critic/pm/reliability_mean=9784.29; training/critic/pm/reliability_penalty=0; training/critic/pm/reliability_std=99049; training/critic/pm/reliability_weight_max=0.515653; training/critic/pm/weight_max=0.619745; validation/actor/actor_disagree=1.01717; validation/actor/actor_disagree_penalty=0.999999; validation/critic/pm/base_ess=2.49091; validation/critic/pm/base_weight_max=0.618958; validation/critic/pm/disagree_mean=2.03449; validation/critic/pm/disagree_std=17.7696; validation/critic/pm/energy_for_reliability=954.047; validation/critic/pm/energy_reliability_is_residual=0; validation/critic/pm/ess=2.49097; validation/critic/pm/ess_max=3.88299; validation/critic/pm/ess_min=2.14603; validation/critic/pm/ess_penalty=0.633806; validation/critic/pm/flow_residual_mean=260.772; validation/critic/pm/flow_residual_std=277.711; validation/critic/pm/projected_ess=2.49097; validation/critic/pm/projected_weight_max=0.619295; validation/critic/pm/rel_weight_max=1,collapse;severe_collapse,2026-06-13T11:17:52
visual_stable_v8p1_repair_4090d_exp_visual_stable_v8p1_task2_R2stableStrong_seed3_confirm_visual_stable_v8p1_task2_R2stableStrong_seed3_confirm,4090d,/root/autodl-tmp/sb-value-flows-runs/visual_stable_v8p1_repair_4090d/exp/visual_stable_v8p1_task2_R2stableStrong_seed3_confirm/visual_stable_v8p1_task2_R2stableStrong_seed3_confirm,/root/autodl-tmp/sb-value-flows-runs/visual_stable_v8p1_repair_4090d/exp/visual_stable_v8p1_task2_R2stableStrong_seed3_confirm/visual_stable_v8p1_task2_R2stableStrong_seed3_confirm/sd003_20260623_093625/eval.csv,/root/autodl-tmp/sb-value-flows-runs/visual_stable_v8p1_repair_4090d/exp/visual_stable_v8p1_task2_R2stableStrong_seed3_confirm/visual_stable_v8p1_task2_R2stableStrong_seed3_confirm/sd003_20260623_093625/train.csv,/root/autodl-tmp/sb-value-flows-runs/visual_stable_v8p1_repair_4090d/logs/visual_stable_v8p1_task2_R2stableStrong_seed3_confirm/command.txt,visual-antmaze-medium-navigate,task2,visual-antmaze-medium-navigate-singletask-task2-v0,R2_stable_strong,v8p1,3,1000000,1000000,completed_1m,0.16,-926.36,926.52,0.76,100000,-621.72,622.48,0.38,800000,-0.6,1:0 -> 100k:0.76 -> 200k:0.56 -> 300k:0.56 -> 400k:0.34 -> 500k:0.22 -> 600k:0.28 -> 700k:0.36 -> 800k:0.38 -> 900k:0.38 -> 1M:0.16,True,28,True,True,training/actor/actor_anchor_gate=1; training/actor/actor_anchor_loss=1.60404; training/actor/actor_disagree=1.49305; training/actor/actor_disagree_penalty=0.999999; training/critic/pm/base_ess=2.45777; training/critic/pm/base_weight_max=0.620277; training/critic/pm/disagree_mean=0.439028; training/critic/pm/disagree_std=1.62445; training/critic/pm/energy_for_reliability=2152.35; training/critic/pm/energy_reliability_is_residual=0; training/critic/pm/ess=3.2536; training/critic/pm/ess_max=3.99999; training/critic/pm/ess_min=2.56807; training/critic/pm/ess_penalty=0.260514; training/critic/pm/flow_residual_mean=649.407; training/critic/pm/flow_residual_std=674.84; training/critic/pm/projected_ess=3.2536; training/critic/pm/projected_weight_max=0.532776; training/critic/pm/rel_weight_max=1; training/critic/pm/reliability_ess=3.2536; training/critic/pm/reliability_mean=21632.5; training/critic/pm/reliability_penalty=0; training/critic/pm/reliability_std=251405; training/critic/pm/reliability_weight_max=0.396939; training/critic/pm/weight_max=0.532776; training/critic/stable/sb_weight_max=0.532776; training/critic/stable/sb_weight_mean=0.25; training/critic/stable/sb_weight_std=0.127601; training/critic/stable/sb_weight_top10_mass=0.999999; training/stable/actor_lr=9e-06; training/stable/critic_lr=3e-05; training/stable/encoder_frozen=1; training/visual_stable/actor_lr_mult=0.03; training/visual_stable/critic_lr_mult=0.1; training/visual_stable/target_tau=0.005; validation/actor/actor_anchor_gate=0; validation/actor/actor_anchor_loss=1.61464; validation/actor/actor_disagree=1.92392; validation/actor/actor_disagree_penalty=1; validation/critic/pm/base_ess=2.46041,collapse;severe_collapse,2026-06-24T12:02:36
dual_disagree_std_lam0p001_seed2_1m_paper_like_b256_s16_f10_domain_visual-antmaze-medium-navigate_visual-antmaze-medium-navigate-singletask-task1-v0_R2_flow_residual_disagree_std_lam0p001_seed2_1m_paper_like_b256_s16_f10,4090d,/root/autodl-tmp/sb-value-flows-runs/visual_matched_4090d_v7/exp/domain_visual-antmaze-medium-navigate_visual-antmaze-medium-navigate-singletask-task1-v0_R2_flow_residual_disagree_std_lam0p001_seed2_1m_paper_like_b256_s16_f10/domain_visual-antmaze-medium-navigate_visual-antmaze-medium-navigate-singletask-task1-v0_R2_flow_residual_disagree_std_lam0p001_seed2_1m_paper_like_b256_s16_f10,/root/autodl-tmp/sb-value-flows-runs/visual_matched_4090d_v7/exp/domain_visual-antmaze-medium-navigate_visual-antmaze-medium-navigate-singletask-task1-v0_R2_flow_residual_disagree_std_lam0p001_seed2_1m_paper_like_b256_s16_f10/domain_visual-antmaze-medium-navigate_visual-antmaze-medium-navigate-singletask-task1-v0_R2_flow_residual_disagree_std_lam0p001_seed2_1m_paper_like_b256_s16_f10/sd002_20260612_092355/eval.csv,/root/autodl-tmp/sb-value-flows-runs/visual_matched_4090d_v7/exp/domain_visual-antmaze-medium-navigate_visual-antmaze-medium-navigate-singletask-task1-v0_R2_flow_residual_disagree_std_lam0p001_seed2_1m_paper_like_b256_s16_f10/domain_visual-antmaze-medium-navigate_visual-antmaze-medium-navigate-singletask-task1-v0_R2_flow_residual_disagree_std_lam0p001_seed2_1m_paper_like_b256_s16_f10/sd002_20260612_092355/train.csv,,visual-antmaze-medium-navigate,task1,visual-antmaze-medium-navigate-singletask-task1-v0,R2,v7,2,1000000,1000000,completed_1m,0.2,-940.48,940.68,0.78,200000,-625.58,626.36,0.5,500000,-0.5800000000000001,1:0 -> 100k:0.74 -> 200k:0.78 -> 300k:0.68 -> 400k:0.54 -> 500k:0.5 -> 600k:0.24 -> 700k:0.3 -> 800k:0.16 -> 900k:0.24 -> 1M:0.2,False,0,False,False,training/actor/actor_disagree=0.376018; training/actor/actor_disagree_penalty=0.999997; training/critic/pm/base_ess=2.48962; training/critic/pm/base_weight_max=0.619171; training/critic/pm/disagree_mean=0.182861; training/critic/pm/disagree_std=0.478338; training/critic/pm/energy_for_reliability=1218.19; training/critic/pm/energy_reliability_is_residual=0; training/critic/pm/ess=2.48959; training/critic/pm/ess_max=3.96521; training/critic/pm/ess_min=2.14908; training/critic/pm/ess_penalty=0.635772; training/critic/pm/flow_residual_mean=363.454; training/critic/pm/flow_residual_std=405.6; training/critic/pm/projected_ess=2.48959; training/critic/pm/projected_weight_max=0.619441; training/critic/pm/rel_weight_max=1; training/critic/pm/reliability_ess=2.48959; training/critic/pm/reliability_mean=5168.71; training/critic/pm/reliability_penalty=0; training/critic/pm/reliability_std=24093.4; training/critic/pm/reliability_weight_max=0.508347; training/critic/pm/weight_max=0.619441; validation/actor/actor_disagree=0.727305; validation/actor/actor_disagree_penalty=0.999999; validation/critic/pm/base_ess=2.46971; validation/critic/pm/base_weight_max=0.61895; validation/critic/pm/disagree_mean=0.789131; validation/critic/pm/disagree_std=4.09865; validation/critic/pm/energy_for_reliability=1132.03; validation/critic/pm/energy_reliability_is_residual=0; validation/critic/pm/ess=2.46975; validation/critic/pm/ess_max=3.98877; validation/critic/pm/ess_min=2.15143; validation/critic/pm/ess_penalty=0.642973; validation/critic/pm/flow_residual_mean=316.165; validation/critic/pm/flow_residual_std=395.365; validation/critic/pm/projected_ess=2.46975; validation/critic/pm/projected_weight_max=0.618953; validation/critic/pm/rel_weight_max=1,collapse;severe_collapse,2026-06-13T11:57:18
dual_disagree_std_lam0p001_seed2_1m_paper_like_b256_s16_f10_domain_visual-antmaze-medium-navigate_visual-antmaze-medium-navigate-singletask-task5-v0_R2_flow_residual_disagree_std_lam0p001_seed2_1m_paper_like_b256_s16_f10,4090d,/root/autodl-tmp/sb-value-flows-runs/visual_matched_4090d_v7/exp/domain_visual-antmaze-medium-navigate_visual-antmaze-medium-navigate-singletask-task5-v0_R2_flow_residual_disagree_std_lam0p001_seed2_1m_paper_like_b256_s16_f10/domain_visual-antmaze-medium-navigate_visual-antmaze-medium-navigate-singletask-task5-v0_R2_flow_residual_disagree_std_lam0p001_seed2_1m_paper_like_b256_s16_f10,/root/autodl-tmp/sb-value-flows-runs/visual_matched_4090d_v7/exp/domain_visual-antmaze-medium-navigate_visual-antmaze-medium-navigate-singletask-task5-v0_R2_flow_residual_disagree_std_lam0p001_seed2_1m_paper_like_b256_s16_f10/domain_visual-antmaze-medium-navigate_visual-antmaze-medium-navigate-singletask-task5-v0_R2_flow_residual_disagree_std_lam0p001_seed2_1m_paper_like_b256_s16_f10/sd002_20260614_143015/eval.csv,/root/autodl-tmp/sb-value-flows-runs/visual_matched_4090d_v7/exp/domain_visual-antmaze-medium-navigate_visual-antmaze-medium-navigate-singletask-task5-v0_R2_flow_residual_disagree_std_lam0p001_seed2_1m_paper_like_b256_s16_f10/domain_visual-antmaze-medium-navigate_visual-antmaze-medium-navigate-singletask-task5-v0_R2_flow_residual_disagree_std_lam0p001_seed2_1m_paper_like_b256_s16_f10/sd002_20260614_143015/train.csv,,visual-antmaze-medium-navigate,task5,visual-antmaze-medium-navigate-singletask-task5-v0,R2,v7,2,1000000,1000000,completed_1m,0.12,-933.32,933.44,0.7,300000,-672.76,673.46,0.3,600000,-0.58,1:0 -> 100k:0.26 -> 200k:0.4 -> 300k:0.7 -> 400k:0.46 -> 500k:0.2 -> 600k:0.3 -> 700k:0.12 -> 800k:0.18 -> 900k:0.22 -> 1M:0.12,False,0,False,False,training/actor/actor_disagree=0.88627; training/actor/actor_disagree_penalty=0.999999; training/critic/pm/base_ess=2.46218; training/critic/pm/base_weight_max=0.61799; training/critic/pm/disagree_mean=0.50791; training/critic/pm/disagree_std=5.16521; training/critic/pm/energy_for_reliability=1664.89; training/critic/pm/energy_reliability_is_residual=0; training/critic/pm/ess=2.4622; training/critic/pm/ess_max=3.73572; training/critic/pm/ess_min=2.15051; training/critic/pm/ess_penalty=0.649104; training/critic/pm/flow_residual_mean=521.643; training/critic/pm/flow_residual_std=625.521; training/critic/pm/projected_ess=2.4622; training/critic/pm/projected_weight_max=0.618113; training/critic/pm/rel_weight_max=1; training/critic/pm/reliability_ess=2.4622; training/critic/pm/reliability_mean=16193.1; training/critic/pm/reliability_penalty=0; training/critic/pm/reliability_std=108304; training/critic/pm/reliability_weight_max=0.511797; training/critic/pm/weight_max=0.618113; validation/actor/actor_disagree=1.08792; validation/actor/actor_disagree_penalty=0.999999; validation/critic/pm/base_ess=2.46925; validation/critic/pm/base_weight_max=0.620276; validation/critic/pm/disagree_mean=0.923832; validation/critic/pm/disagree_std=7.3787; validation/critic/pm/energy_for_reliability=1553.83; validation/critic/pm/energy_reliability_is_residual=0; validation/critic/pm/ess=2.4693; validation/critic/pm/ess_max=3.85373; validation/critic/pm/ess_min=2.1456; validation/critic/pm/ess_penalty=0.644706; validation/critic/pm/flow_residual_mean=446.851; validation/critic/pm/flow_residual_std=524.877; validation/critic/pm/projected_ess=2.4693; validation/critic/pm/projected_weight_max=0.619895; validation/critic/pm/rel_weight_max=1,collapse;severe_collapse,2026-06-15T17:01:19
dual_disagree_std_lam0p001_seed2_1m_paper_like_b256_s16_f10_domain_visual-antmaze-medium-navigate_visual-antmaze-medium-navigate-singletask-task3-v0_R2_flow_residual_disagree_std_lam0p001_seed2_1m_paper_like_b256_s16_f10,4090d,/root/autodl-tmp/sb-value-flows-runs/visual_matched_4090d_v7/exp/domain_visual-antmaze-medium-navigate_visual-antmaze-medium-navigate-singletask-task3-v0_R2_flow_residual_disagree_std_lam0p001_seed2_1m_paper_like_b256_s16_f10/domain_visual-antmaze-medium-navigate_visual-antmaze-medium-navigate-singletask-task3-v0_R2_flow_residual_disagree_std_lam0p001_seed2_1m_paper_like_b256_s16_f10,/root/autodl-tmp/sb-value-flows-runs/visual_matched_4090d_v7/exp/domain_visual-antmaze-medium-navigate_visual-antmaze-medium-navigate-singletask-task3-v0_R2_flow_residual_disagree_std_lam0p001_seed2_1m_paper_like_b256_s16_f10/domain_visual-antmaze-medium-navigate_visual-antmaze-medium-navigate-singletask-task3-v0_R2_flow_residual_disagree_std_lam0p001_seed2_1m_paper_like_b256_s16_f10/sd002_20260613_115731/eval.csv,/root/autodl-tmp/sb-value-flows-runs/visual_matched_4090d_v7/exp/domain_visual-antmaze-medium-navigate_visual-antmaze-medium-navigate-singletask-task3-v0_R2_flow_residual_disagree_std_lam0p001_seed2_1m_paper_like_b256_s16_f10/domain_visual-antmaze-medium-navigate_visual-antmaze-medium-navigate-singletask-task3-v0_R2_flow_residual_disagree_std_lam0p001_seed2_1m_paper_like_b256_s16_f10/sd002_20260613_115731/train.csv,,visual-antmaze-medium-navigate,task3,visual-antmaze-medium-navigate-singletask-task3-v0,R2,v7,2,1000000,1000000,completed_1m,0.32,-837.64,837.96,0.8,100000,-548.06,548.86,0.58,500000,-0.48000000000000004,1:0 -> 100k:0.8 -> 200k:0.76 -> 300k:0.6 -> 400k:0.52 -> 500k:0.58 -> 600k:0.56 -> 700k:0.52 -> 800k:0.36 -> 900k:0.46 -> 1M:0.32,False,0,False,False,training/actor/actor_disagree=0.521799; training/actor/actor_disagree_penalty=0.999998; training/critic/pm/base_ess=2.46913; training/critic/pm/base_weight_max=0.613625; training/critic/pm/disagree_mean=0.223227; training/critic/pm/disagree_std=0.651937; training/critic/pm/energy_for_reliability=1239.22; training/critic/pm/energy_reliability_is_residual=0; training/critic/pm/ess=2.46901; training/critic/pm/ess_max=3.91988; training/critic/pm/ess_min=2.1464; training/critic/pm/ess_penalty=0.642999; training/critic/pm/flow_residual_mean=387.48; training/critic/pm/flow_residual_std=599.375; training/critic/pm/projected_ess=2.46901; training/critic/pm/projected_weight_max=0.613949; training/critic/pm/rel_weight_max=1; training/critic/pm/reliability_ess=2.46901; training/critic/pm/reliability_mean=10242.9; training/critic/pm/reliability_penalty=0; training/critic/pm/reliability_std=67200.1; training/critic/pm/reliability_weight_max=0.508469; training/critic/pm/weight_max=0.613949; validation/actor/actor_disagree=0.833989; validation/actor/actor_disagree_penalty=0.999999; validation/critic/pm/base_ess=2.50556; validation/critic/pm/base_weight_max=0.620631; validation/critic/pm/disagree_mean=6.89812; validation/critic/pm/disagree_std=48.6458; validation/critic/pm/energy_for_reliability=1001.27; validation/critic/pm/energy_reliability_is_residual=0; validation/critic/pm/ess=2.50561; validation/critic/pm/ess_max=3.86536; validation/critic/pm/ess_min=2.14612; validation/critic/pm/ess_penalty=0.629804; validation/critic/pm/flow_residual_mean=273.058; validation/critic/pm/flow_residual_std=370.987; validation/critic/pm/projected_ess=2.50561; validation/critic/pm/projected_weight_max=0.620582; validation/critic/pm/rel_weight_max=1,collapse,2026-06-14T14:30:02
visual_stable_v8_task2_diagnostic_exp_visual_stable_v8_task2_R2_stable_seed2_1m_visual_stable_v8_task2_R2_stable_seed2_1m,4090d,/root/autodl-tmp/sb-value-flows-runs/visual_stable_v8_task2_diagnostic/exp/visual_stable_v8_task2_R2_stable_seed2_1m/visual_stable_v8_task2_R2_stable_seed2_1m,/root/autodl-tmp/sb-value-flows-runs/visual_stable_v8_task2_diagnostic/exp/visual_stable_v8_task2_R2_stable_seed2_1m/visual_stable_v8_task2_R2_stable_seed2_1m/sd002_20260616_162650/eval.csv,/root/autodl-tmp/sb-value-flows-runs/visual_stable_v8_task2_diagnostic/exp/visual_stable_v8_task2_R2_stable_seed2_1m/visual_stable_v8_task2_R2_stable_seed2_1m/sd002_20260616_162650/train.csv,,visual-antmaze-medium-navigate,task2,visual-antmaze-medium-navigate-singletask-task2-v0,R2_stable,v8,2,1000000,1000000,completed_1m,0.26,-902.96,903.22,0.74,100000,-715.38,716.12,0.56,500000,-0.48,1:0 -> 100k:0.74 -> 200k:0.58 -> 300k:0.56 -> 400k:0.5 -> 500k:0.56 -> 600k:0.48 -> 700k:0.28 -> 800k:0.28 -> 900k:0.3 -> 1M:0.26,True,28,True,True,training/actor/actor_anchor_gate=1; training/actor/actor_anchor_loss=1.59197; training/actor/actor_disagree=1.61452; training/actor/actor_disagree_penalty=0.999999; training/critic/pm/base_ess=2.48107; training/critic/pm/base_weight_max=0.618424; training/critic/pm/disagree_mean=0.238777; training/critic/pm/disagree_std=0.715435; training/critic/pm/energy_for_reliability=2241.21; training/critic/pm/energy_reliability_is_residual=0; training/critic/pm/ess=2.86463; training/critic/pm/ess_max=3.99999; training/critic/pm/ess_min=2.24671; training/critic/pm/ess_penalty=0.452213; training/critic/pm/flow_residual_mean=726.362; training/critic/pm/flow_residual_std=790.617; training/critic/pm/projected_ess=2.86463; training/critic/pm/projected_weight_max=0.600154; training/critic/pm/rel_weight_max=1; training/critic/pm/reliability_ess=2.86463; training/critic/pm/reliability_mean=9773.48; training/critic/pm/reliability_penalty=0; training/critic/pm/reliability_std=78429.7; training/critic/pm/reliability_weight_max=0.448446; training/critic/pm/weight_max=0.600154; training/critic/stable/sb_weight_max=0.600154; training/critic/stable/sb_weight_mean=0.25; training/critic/stable/sb_weight_std=0.168117; training/critic/stable/sb_weight_top10_mass=0.999999; training/stable/actor_lr=2.7e-05; training/stable/critic_lr=7.5e-05; training/stable/encoder_frozen=1; training/visual_stable/actor_lr_mult=0.09; training/visual_stable/critic_lr_mult=0.25; training/visual_stable/target_tau=0.005; validation/actor/actor_anchor_gate=0; validation/actor/actor_anchor_loss=1.51222; validation/actor/actor_disagree=1.60665; validation/actor/actor_disagree_penalty=0.999999; validation/critic/pm/base_ess=2.47747,collapse,2026-06-17T18:53:42
visual_stable_v8p1_task4_R2stableStrong_seed2_4090d_exp_visual_medium_task4_R2_stable_strong_seed2_1m_visual_medium_task4_R2_stable_strong_seed2_1m,4090d,/root/autodl-tmp/sb-value-flows-runs/visual_stable_v8p1_task4_R2stableStrong_seed2_4090d/exp/visual_medium_task4_R2_stable_strong_seed2_1m/visual_medium_task4_R2_stable_strong_seed2_1m,/root/autodl-tmp/sb-value-flows-runs/visual_stable_v8p1_task4_R2stableStrong_seed2_4090d/exp/visual_medium_task4_R2_stable_strong_seed2_1m/visual_medium_task4_R2_stable_strong_seed2_1m/sd002_20260619_121638/eval.csv,/root/autodl-tmp/sb-value-flows-runs/visual_stable_v8p1_task4_R2stableStrong_seed2_4090d/exp/visual_medium_task4_R2_stable_strong_seed2_1m/visual_medium_task4_R2_stable_strong_seed2_1m/sd002_20260619_121638/train.csv,,visual-antmaze-medium-navigate,task4,visual-antmaze-medium-navigate-singletask-task4-v0,R2_stable_strong,v8p1,2,1000000,1000000,completed_1m,0.34,-866.48,866.82,0.82,100000,-628.96,629.78,0.46,900000,-0.4799999999999999,1:0 -> 100k:0.82 -> 200k:0.24 -> 300k:0.48 -> 400k:0.58 -> 500k:0.44 -> 600k:0.4 -> 700k:0.34 -> 800k:0.24 -> 900k:0.46 -> 1M:0.34,True,28,True,True,training/actor/actor_anchor_gate=1; training/actor/actor_anchor_loss=1.59197; training/actor/actor_disagree=1.4839; training/actor/actor_disagree_penalty=0.999999; training/critic/pm/base_ess=2.47086; training/critic/pm/base_weight_max=0.619519; training/critic/pm/disagree_mean=0.276142; training/critic/pm/disagree_std=0.79998; training/critic/pm/energy_for_reliability=2210.57; training/critic/pm/energy_reliability_is_residual=0; training/critic/pm/ess=3.23447; training/critic/pm/ess_max=3.99999; training/critic/pm/ess_min=2.58174; training/critic/pm/ess_penalty=0.266156; training/critic/pm/flow_residual_mean=706.516; training/critic/pm/flow_residual_std=762.567; training/critic/pm/projected_ess=3.23447; training/critic/pm/projected_weight_max=0.529982; training/critic/pm/rel_weight_max=1; training/critic/pm/reliability_ess=3.23447; training/critic/pm/reliability_mean=10033; training/critic/pm/reliability_penalty=0; training/critic/pm/reliability_std=104401; training/critic/pm/reliability_weight_max=0.398671; training/critic/pm/weight_max=0.529982; training/critic/stable/sb_weight_max=0.529982; training/critic/stable/sb_weight_mean=0.25; training/critic/stable/sb_weight_std=0.128975; training/critic/stable/sb_weight_top10_mass=0.999999; training/stable/actor_lr=9e-06; training/stable/critic_lr=3e-05; training/stable/encoder_frozen=1; training/visual_stable/actor_lr_mult=0.03; training/visual_stable/critic_lr_mult=0.1; training/visual_stable/target_tau=0.005; validation/actor/actor_anchor_gate=0; validation/actor/actor_anchor_loss=1.51222; validation/actor/actor_disagree=1.94909; validation/actor/actor_disagree_penalty=0.999999; validation/critic/pm/base_ess=2.44106,collapse,2026-06-20T14:41:52
dual_disagree_std_lam0p001_seed2_1m_paper_like_b256_s16_f10_domain_visual-antmaze-medium-navigate_visual-antmaze-medium-navigate-singletask-task4-v0_R2_flow_residual_disagree_std_lam0p001_seed2_1m_paper_like_b256_s16_f10,4090d,/root/autodl-tmp/sb-value-flows-runs/visual_matched_4090d_v7/exp/domain_visual-antmaze-medium-navigate_visual-antmaze-medium-navigate-singletask-task4-v0_R2_flow_residual_disagree_std_lam0p001_seed2_1m_paper_like_b256_s16_f10/domain_visual-antmaze-medium-navigate_visual-antmaze-medium-navigate-singletask-task4-v0_R2_flow_residual_disagree_std_lam0p001_seed2_1m_paper_like_b256_s16_f10,/root/autodl-tmp/sb-value-flows-runs/visual_matched_4090d_v7/exp/domain_visual-antmaze-medium-navigate_visual-antmaze-medium-navigate-singletask-task4-v0_R2_flow_residual_disagree_std_lam0p001_seed2_1m_paper_like_b256_s16_f10/domain_visual-antmaze-medium-navigate_visual-antmaze-medium-navigate-singletask-task4-v0_R2_flow_residual_disagree_std_lam0p001_seed2_1m_paper_like_b256_s16_f10/sd002_20260613_115731/eval.csv,/root/autodl-tmp/sb-value-flows-runs/visual_matched_4090d_v7/exp/domain_visual-antmaze-medium-navigate_visual-antmaze-medium-navigate-singletask-task4-v0_R2_flow_residual_disagree_std_lam0p001_seed2_1m_paper_like_b256_s16_f10/domain_visual-antmaze-medium-navigate_visual-antmaze-medium-navigate-singletask-task4-v0_R2_flow_residual_disagree_std_lam0p001_seed2_1m_paper_like_b256_s16_f10/sd002_20260613_115731/train.csv,,visual-antmaze-medium-navigate,task4,visual-antmaze-medium-navigate-singletask-task4-v0,R2,v7,2,1000000,1000000,completed_1m,0.4,-883.84,884.24,0.86,100000,-599.58,600.44,0.4,1000000,-0.45999999999999996,1:0 -> 100k:0.86 -> 200k:0.84 -> 300k:0.66 -> 400k:0.36 -> 500k:0.38 -> 600k:0.22 -> 700k:0.3 -> 800k:0.22 -> 900k:0.22 -> 1M:0.4,False,0,False,False,training/actor/actor_disagree=0.770399; training/actor/actor_disagree_penalty=0.999999; training/critic/pm/base_ess=2.47374; training/critic/pm/base_weight_max=0.617799; training/critic/pm/disagree_mean=0.327216; training/critic/pm/disagree_std=0.923598; training/critic/pm/energy_for_reliability=1479.11; training/critic/pm/energy_reliability_is_residual=0; training/critic/pm/ess=2.47378; training/critic/pm/ess_max=3.99135; training/critic/pm/ess_min=2.15169; training/critic/pm/ess_penalty=0.643013; training/critic/pm/flow_residual_mean=452.223; training/critic/pm/flow_residual_std=549.174; training/critic/pm/projected_ess=2.47378; training/critic/pm/projected_weight_max=0.618095; training/critic/pm/rel_weight_max=1; training/critic/pm/reliability_ess=2.47378; training/critic/pm/reliability_mean=9915.99; training/critic/pm/reliability_penalty=0; training/critic/pm/reliability_std=54735.1; training/critic/pm/reliability_weight_max=0.510519; training/critic/pm/weight_max=0.618095; validation/actor/actor_disagree=1.05438; validation/actor/actor_disagree_penalty=0.999999; validation/critic/pm/base_ess=2.43471; validation/critic/pm/base_weight_max=0.618931; validation/critic/pm/disagree_mean=1.27992; validation/critic/pm/disagree_std=4.62696; validation/critic/pm/energy_for_reliability=1325.45; validation/critic/pm/energy_reliability_is_residual=0; validation/critic/pm/ess=2.43477; validation/critic/pm/ess_max=3.87932; validation/critic/pm/ess_min=2.14349; validation/critic/pm/ess_penalty=0.665347; validation/critic/pm/flow_residual_mean=352.455; validation/critic/pm/flow_residual_std=421.673; validation/critic/pm/projected_ess=2.43477; validation/critic/pm/projected_weight_max=0.618812; validation/critic/pm/rel_weight_max=1,collapse,2026-06-14T13:53:50
avigate-singletask-task3-v0_R2_flow_residual_disagree_std_lam0p001_seed2_300000_stageA_visual-antmaze-medium-navigate_visual-antmaze-medium-navigate-singletask-task3-v0_R2_flow_residual_disagree_std_lam0p001_seed2_300000,4090d,/root/autodl-tmp/sb-value-flows-runs/visual_bigtable_4090d_v6/exp/stageA_visual-antmaze-medium-navigate_visual-antmaze-medium-navigate-singletask-task3-v0_R2_flow_residual_disagree_std_lam0p001_seed2_300000/stageA_visual-antmaze-medium-navigate_visual-antmaze-medium-navigate-singletask-task3-v0_R2_flow_residual_disagree_std_lam0p001_seed2_300000,/root/autodl-tmp/sb-value-flows-runs/visual_bigtable_4090d_v6/exp/stageA_visual-antmaze-medium-navigate_visual-antmaze-medium-navigate-singletask-task3-v0_R2_flow_residual_disagree_std_lam0p001_seed2_300000/stageA_visual-antmaze-medium-navigate_visual-antmaze-medium-navigate-singletask-task3-v0_R2_flow_residual_disagree_std_lam0p001_seed2_300000/sd002_20260609_224657/eval.csv,/root/autodl-tmp/sb-value-flows-runs/visual_bigtable_4090d_v6/exp/stageA_visual-antmaze-medium-navigate_visual-antmaze-medium-navigate-singletask-task3-v0_R2_flow_residual_disagree_std_lam0p001_seed2_300000/stageA_visual-antmaze-medium-navigate_visual-antmaze-medium-navigate-singletask-task3-v0_R2_flow_residual_disagree_std_lam0p001_seed2_300000/sd002_20260609_224657/train.csv,,visual-antmaze-medium-navigate,task3,visual-antmaze-medium-navigate-singletask-task3-v0,R2,v6,2,300000,300000,completed_300k,0.1,-941.0,941.1,0.5,200000,-785.4,785.9,nan,nan,-0.4,1:0 -> 100k:0.3 -> 200k:0.5 -> 300k:0.1,False,0,False,False,training/actor/actor_disagree=0.230495; training/actor/actor_disagree_penalty=0.999996; training/critic/pm/base_ess=2.46259; training/critic/pm/base_weight_max=0.615855; training/critic/pm/disagree_mean=0.111429; training/critic/pm/disagree_std=0.290065; training/critic/pm/energy_for_reliability=1047.44; training/critic/pm/energy_reliability_is_residual=0; training/critic/pm/ess=2.46251; training/critic/pm/ess_max=3.75424; training/critic/pm/ess_min=2.15931; training/critic/pm/ess_penalty=0.648738; training/critic/pm/flow_residual_mean=330.028; training/critic/pm/flow_residual_std=494.573; training/critic/pm/projected_ess=2.46251; training/critic/pm/projected_weight_max=0.616159; training/critic/pm/rel_weight_max=1; training/critic/pm/reliability_ess=2.46251; training/critic/pm/reliability_mean=3156.53; training/critic/pm/reliability_penalty=0; training/critic/pm/reliability_std=15716; training/critic/pm/reliability_weight_max=0.510892; training/critic/pm/weight_max=0.616159; validation/actor/actor_disagree=0.279818; validation/actor/actor_disagree_penalty=0.999996; validation/critic/pm/base_ess=2.47304; validation/critic/pm/base_weight_max=0.61001; validation/critic/pm/disagree_mean=0.0794727; validation/critic/pm/disagree_std=0.145267; validation/critic/pm/energy_for_reliability=722.377; validation/critic/pm/energy_reliability_is_residual=0; validation/critic/pm/ess=2.47313; validation/critic/pm/ess_max=3.43659; validation/critic/pm/ess_min=2.15585; validation/critic/pm/ess_penalty=0.640481; validation/critic/pm/flow_residual_mean=232.443; validation/critic/pm/flow_residual_std=232.703; validation/critic/pm/projected_ess=2.47313; validation/critic/pm/projected_weight_max=0.609752; validation/critic/pm/rel_weight_max=1,collapse;severe_collapse,2026-06-10T00:06:41
ate-singletask-task1-v0_R2_flow_residual_disagree_std_lam0p001_seed2_300000_stageA_visual-antmaze-teleport-navigate_visual-antmaze-teleport-navigate-singletask-task1-v0_R2_flow_residual_disagree_std_lam0p001_seed2_300000,4090d,/root/autodl-tmp/sb-value-flows-runs/visual_bigtable_4090d_v6/exp/stageA_visual-antmaze-teleport-navigate_visual-antmaze-teleport-navigate-singletask-task1-v0_R2_flow_residual_disagree_std_lam0p001_seed2_300000/stageA_visual-antmaze-teleport-navigate_visual-antmaze-teleport-navigate-singletask-task1-v0_R2_flow_residual_disagree_std_lam0p001_seed2_300000,/root/autodl-tmp/sb-value-flows-runs/visual_bigtable_4090d_v6/exp/stageA_visual-antmaze-teleport-navigate_visual-antmaze-teleport-navigate-singletask-task1-v0_R2_flow_residual_disagree_std_lam0p001_seed2_300000/stageA_visual-antmaze-teleport-navigate_visual-antmaze-teleport-navigate-singletask-task1-v0_R2_flow_residual_disagree_std_lam0p001_seed2_300000/sd002_20260610_025112/eval.csv,/root/autodl-tmp/sb-value-flows-runs/visual_bigtable_4090d_v6/exp/stageA_visual-antmaze-teleport-navigate_visual-antmaze-teleport-navigate-singletask-task1-v0_R2_flow_residual_disagree_std_lam0p001_seed2_300000/stageA_visual-antmaze-teleport-navigate_visual-antmaze-teleport-navigate-singletask-task1-v0_R2_flow_residual_disagree_std_lam0p001_seed2_300000/sd002_20260610_025112/train.csv,,visual-antmaze-teleport-navigate,task1,visual-antmaze-teleport-navigate-singletask-task1-v0,R2,v6,2,300000,300000,completed_300k,0.0,-1000.0,1000.0,0.4,100000,-813.4,813.8,nan,nan,-0.4,1:0 -> 100k:0.4 -> 200k:0 -> 300k:0,False,0,False,False,training/actor/actor_disagree=0.019061; training/actor/actor_disagree_penalty=0.999948; training/critic/pm/base_ess=3.98955; training/critic/pm/base_weight_max=0.346456; training/critic/pm/disagree_mean=0.000349124; training/critic/pm/disagree_std=0.00102456; training/critic/pm/energy_for_reliability=4814.99; training/critic/pm/energy_reliability_is_residual=0; training/critic/pm/ess=3.98956; training/critic/pm/ess_max=3.99998; training/critic/pm/ess_min=3.70004; training/critic/pm/ess_penalty=0.00273888; training/critic/pm/flow_residual_mean=1607.93; training/critic/pm/flow_residual_std=1271.83; training/critic/pm/projected_ess=3.98956; training/critic/pm/projected_weight_max=0.346172; training/critic/pm/rel_weight_max=1; training/critic/pm/reliability_ess=3.98956; training/critic/pm/reliability_mean=644334; training/critic/pm/reliability_penalty=0; training/critic/pm/reliability_std=990515; training/critic/pm/reliability_weight_max=0.256862; training/critic/pm/weight_max=0.346172; validation/actor/actor_disagree=0.0295048; validation/actor/actor_disagree_penalty=0.999966; validation/critic/pm/base_ess=3.93622; validation/critic/pm/base_weight_max=0.483625; validation/critic/pm/disagree_mean=0.00118114; validation/critic/pm/disagree_std=0.00526185; validation/critic/pm/energy_for_reliability=4799.36; validation/critic/pm/energy_reliability_is_residual=0; validation/critic/pm/ess=3.93624; validation/critic/pm/ess_max=3.99998; validation/critic/pm/ess_min=2.20526; validation/critic/pm/ess_penalty=0.0258622; validation/critic/pm/flow_residual_mean=1647.3; validation/critic/pm/flow_residual_std=1356.67; validation/critic/pm/projected_ess=3.93624; validation/critic/pm/projected_weight_max=0.483491; validation/critic/pm/rel_weight_max=1,collapse,2026-06-10T04:12:21
ate-singletask-task2-v0_R2_flow_residual_disagree_std_lam0p001_seed2_300000_stageA_visual-antmaze-teleport-navigate_visual-antmaze-teleport-navigate-singletask-task2-v0_R2_flow_residual_disagree_std_lam0p001_seed2_300000,4090d,/root/autodl-tmp/sb-value-flows-runs/visual_bigtable_4090d_v6/exp/stageA_visual-antmaze-teleport-navigate_visual-antmaze-teleport-navigate-singletask-task2-v0_R2_flow_residual_disagree_std_lam0p001_seed2_300000/stageA_visual-antmaze-teleport-navigate_visual-antmaze-teleport-navigate-singletask-task2-v0_R2_flow_residual_disagree_std_lam0p001_seed2_300000,/root/autodl-tmp/sb-value-flows-runs/visual_bigtable_4090d_v6/exp/stageA_visual-antmaze-teleport-navigate_visual-antmaze-teleport-navigate-singletask-task2-v0_R2_flow_residual_disagree_std_lam0p001_seed2_300000/stageA_visual-antmaze-teleport-navigate_visual-antmaze-teleport-navigate-singletask-task2-v0_R2_flow_residual_disagree_std_lam0p001_seed2_300000/sd002_20260610_041317/eval.csv,/root/autodl-tmp/sb-value-flows-runs/visual_bigtable_4090d_v6/exp/stageA_visual-antmaze-teleport-navigate_visual-antmaze-teleport-navigate-singletask-task2-v0_R2_flow_residual_disagree_std_lam0p001_seed2_300000/stageA_visual-antmaze-teleport-navigate_visual-antmaze-teleport-navigate-singletask-task2-v0_R2_flow_residual_disagree_std_lam0p001_seed2_300000/sd002_20260610_041317/train.csv,,visual-antmaze-teleport-navigate,task2,visual-antmaze-teleport-navigate-singletask-task2-v0,R2,v6,2,300000,300000,completed_300k,0.0,-1000.0,1000.0,0.4,250000,-785.8,786.2,nan,nan,-0.4,1:0 -> 100k:0.1 -> 200k:0 -> 300k:0,False,0,False,False,training/actor/actor_disagree=0.264363; training/actor/actor_disagree_penalty=0.999996; training/critic/pm/base_ess=2.47998; training/critic/pm/base_weight_max=0.606641; training/critic/pm/disagree_mean=0.0792119; training/critic/pm/disagree_std=0.274247; training/critic/pm/energy_for_reliability=1265.83; training/critic/pm/energy_reliability_is_residual=0; training/critic/pm/ess=2.47999; training/critic/pm/ess_max=3.76274; training/critic/pm/ess_min=2.15163; training/critic/pm/ess_penalty=0.633315; training/critic/pm/flow_residual_mean=388.88; training/critic/pm/flow_residual_std=320.894; training/critic/pm/projected_ess=2.47999; training/critic/pm/projected_weight_max=0.607021; training/critic/pm/rel_weight_max=1; training/critic/pm/reliability_ess=2.47999; training/critic/pm/reliability_mean=3795.99; training/critic/pm/reliability_penalty=0; training/critic/pm/reliability_std=6307.38; training/critic/pm/reliability_weight_max=0.513755; training/critic/pm/weight_max=0.607021; validation/actor/actor_disagree=0.183074; validation/actor/actor_disagree_penalty=0.999995; validation/critic/pm/base_ess=2.46512; validation/critic/pm/base_weight_max=0.61411; validation/critic/pm/disagree_mean=0.0552166; validation/critic/pm/disagree_std=0.189329; validation/critic/pm/energy_for_reliability=1282.54; validation/critic/pm/energy_reliability_is_residual=0; validation/critic/pm/ess=2.46508; validation/critic/pm/ess_max=3.45735; validation/critic/pm/ess_min=2.16981; validation/critic/pm/ess_penalty=0.64819; validation/critic/pm/flow_residual_mean=427.489; validation/critic/pm/flow_residual_std=375.877; validation/critic/pm/projected_ess=2.46508; validation/critic/pm/projected_weight_max=0.614187; validation/critic/pm/rel_weight_max=1,collapse,2026-06-10T05:33:39
navigate_visual-antmaze-medium-navigate-singletask-task1-v0_A1_action_std_lam0p001_seed2_300000_stageA_visual-antmaze-medium-navigate_visual-antmaze-medium-navigate-singletask-task1-v0_A1_action_std_lam0p001_seed2_300000,4090d,/root/autodl-tmp/sb-value-flows-runs/visual_bigtable_4090d_v6/exp/stageA_visual-antmaze-medium-navigate_visual-antmaze-medium-navigate-singletask-task1-v0_A1_action_std_lam0p001_seed2_300000/stageA_visual-antmaze-medium-navigate_visual-antmaze-medium-navigate-singletask-task1-v0_A1_action_std_lam0p001_seed2_300000,/root/autodl-tmp/sb-value-flows-runs/visual_bigtable_4090d_v6/exp/stageA_visual-antmaze-medium-navigate_visual-antmaze-medium-navigate-singletask-task1-v0_A1_action_std_lam0p001_seed2_300000/stageA_visual-antmaze-medium-navigate_visual-antmaze-medium-navigate-singletask-task1-v0_A1_action_std_lam0p001_seed2_300000/sd002_20260609_200247/eval.csv,/root/autodl-tmp/sb-value-flows-runs/visual_bigtable_4090d_v6/exp/stageA_visual-antmaze-medium-navigate_visual-antmaze-medium-navigate-singletask-task1-v0_A1_action_std_lam0p001_seed2_300000/stageA_visual-antmaze-medium-navigate_visual-antmaze-medium-navigate-singletask-task1-v0_A1_action_std_lam0p001_seed2_300000/sd002_20260609_200247/train.csv,,visual-antmaze-medium-navigate,task1,visual-antmaze-medium-navigate-singletask-task1-v0,A1,v6,2,300000,300000,completed_300k,0.2,-956.7,956.9,0.6,200000,-795.5,796.1,nan,nan,-0.39999999999999997,1:0 -> 100k:0 -> 200k:0.6 -> 300k:0.2,False,0,False,False,training/actor/actor_disagree=0.22974; training/actor/actor_disagree_penalty=0.999996; training/critic/pm/base_ess=2.43866; training/critic/pm/base_weight_max=0.619268; training/critic/pm/disagree_mean=0; training/critic/pm/disagree_std=0; training/critic/pm/energy_for_reliability=1027.21; training/critic/pm/energy_reliability_is_residual=0; training/critic/pm/ess=2.4386; training/critic/pm/ess_max=3.69511; training/critic/pm/ess_min=2.16001; training/critic/pm/ess_penalty=0.662239; training/critic/pm/flow_residual_mean=0; training/critic/pm/flow_residual_std=0; training/critic/pm/projected_ess=2.4386; training/critic/pm/projected_weight_max=0.619498; training/critic/pm/rel_weight_max=1; training/critic/pm/reliability_ess=2.4386; training/critic/pm/reliability_mean=1257.07; training/critic/pm/reliability_penalty=0; training/critic/pm/reliability_std=1809.83; training/critic/pm/reliability_weight_max=0.512149; training/critic/pm/weight_max=0.619498; validation/actor/actor_disagree=0.329292; validation/actor/actor_disagree_penalty=0.999997; validation/critic/pm/base_ess=2.51039; validation/critic/pm/base_weight_max=0.61631; validation/critic/pm/disagree_mean=0; validation/critic/pm/disagree_std=0; validation/critic/pm/energy_for_reliability=1047.41; validation/critic/pm/energy_reliability_is_residual=0; validation/critic/pm/ess=2.51042; validation/critic/pm/ess_max=3.88545; validation/critic/pm/ess_min=2.15325; validation/critic/pm/ess_penalty=0.624063; validation/critic/pm/flow_residual_mean=0; validation/critic/pm/flow_residual_std=0; validation/critic/pm/projected_ess=2.51042; validation/critic/pm/projected_weight_max=0.616047; validation/critic/pm/rel_weight_max=1,collapse;severe_collapse,2026-06-09T21:19:34
avigate-singletask-task4-v0_R2_flow_residual_disagree_std_lam0p001_seed2_300000_stageA_visual-antmaze-medium-navigate_visual-antmaze-medium-navigate-singletask-task4-v0_R2_flow_residual_disagree_std_lam0p001_seed2_300000,4090d,/root/autodl-tmp/sb-value-flows-runs/visual_bigtable_4090d_v6/exp/stageA_visual-antmaze-medium-navigate_visual-antmaze-medium-navigate-singletask-task4-v0_R2_flow_residual_disagree_std_lam0p001_seed2_300000/stageA_visual-antmaze-medium-navigate_visual-antmaze-medium-navigate-singletask-task4-v0_R2_flow_residual_disagree_std_lam0p001_seed2_300000,/root/autodl-tmp/sb-value-flows-runs/visual_bigtable_4090d_v6/exp/stageA_visual-antmaze-medium-navigate_visual-antmaze-medium-navigate-singletask-task4-v0_R2_flow_residual_disagree_std_lam0p001_seed2_300000/stageA_visual-antmaze-medium-navigate_visual-antmaze-medium-navigate-singletask-task4-v0_R2_flow_residual_disagree_std_lam0p001_seed2_300000/sd002_20260610_000702/eval.csv,/root/autodl-tmp/sb-value-flows-runs/visual_bigtable_4090d_v6/exp/stageA_visual-antmaze-medium-navigate_visual-antmaze-medium-navigate-singletask-task4-v0_R2_flow_residual_disagree_std_lam0p001_seed2_300000/stageA_visual-antmaze-medium-navigate_visual-antmaze-medium-navigate-singletask-task4-v0_R2_flow_residual_disagree_std_lam0p001_seed2_300000/sd002_20260610_000702/train.csv,,visual-antmaze-medium-navigate,task4,visual-antmaze-medium-navigate-singletask-task4-v0,R2,v6,2,300000,300000,completed_300k,0.2,-912.3,912.5,0.6,250000,-763.7,764.3,nan,nan,-0.39999999999999997,1:0 -> 100k:0 -> 200k:0.2 -> 300k:0.2,False,0,False,False,training/actor/actor_disagree=0.234071; training/actor/actor_disagree_penalty=0.999996; training/critic/pm/base_ess=2.46705; training/critic/pm/base_weight_max=0.612122; training/critic/pm/disagree_mean=0.104476; training/critic/pm/disagree_std=0.197558; training/critic/pm/energy_for_reliability=1537.67; training/critic/pm/energy_reliability_is_residual=0; training/critic/pm/ess=2.46694; training/critic/pm/ess_max=3.97228; training/critic/pm/ess_min=2.16382; training/critic/pm/ess_penalty=0.646931; training/critic/pm/flow_residual_mean=462.048; training/critic/pm/flow_residual_std=520.171; training/critic/pm/projected_ess=2.46694; training/critic/pm/projected_weight_max=0.611878; training/critic/pm/rel_weight_max=1; training/critic/pm/reliability_ess=2.46694; training/critic/pm/reliability_mean=1720.73; training/critic/pm/reliability_penalty=0; training/critic/pm/reliability_std=4978.04; training/critic/pm/reliability_weight_max=0.517935; training/critic/pm/weight_max=0.611878; validation/actor/actor_disagree=0.296326; validation/actor/actor_disagree_penalty=0.999997; validation/critic/pm/base_ess=2.37543; validation/critic/pm/base_weight_max=0.612579; validation/critic/pm/disagree_mean=0.0884758; validation/critic/pm/disagree_std=0.125984; validation/critic/pm/energy_for_reliability=1220.88; validation/critic/pm/energy_reliability_is_residual=0; validation/critic/pm/ess=2.37553; validation/critic/pm/ess_max=3.03843; validation/critic/pm/ess_min=2.14743; validation/critic/pm/ess_penalty=0.695593; validation/critic/pm/flow_residual_mean=384.31; validation/critic/pm/flow_residual_std=415.186; validation/critic/pm/projected_ess=2.37553; validation/critic/pm/projected_weight_max=0.612434; validation/critic/pm/rel_weight_max=1,collapse;severe_collapse,2026-06-10T01:28:02
visual_stable_v8p1_repair_4090d_exp_visual_stable_v8p1_task4_R2retentionRepair_seed2_visual_stable_v8p1_task4_R2retentionRepair_seed2,4090d,/root/autodl-tmp/sb-value-flows-runs/visual_stable_v8p1_repair_4090d/exp/visual_stable_v8p1_task4_R2retentionRepair_seed2/visual_stable_v8p1_task4_R2retentionRepair_seed2,/root/autodl-tmp/sb-value-flows-runs/visual_stable_v8p1_repair_4090d/exp/visual_stable_v8p1_task4_R2retentionRepair_seed2/visual_stable_v8p1_task4_R2retentionRepair_seed2/sd002_20260623_093626/eval.csv,/root/autodl-tmp/sb-value-flows-runs/visual_stable_v8p1_repair_4090d/exp/visual_stable_v8p1_task4_R2retentionRepair_seed2/visual_stable_v8p1_task4_R2retentionRepair_seed2/sd002_20260623_093626/train.csv,/root/autodl-tmp/sb-value-flows-runs/visual_stable_v8p1_repair_4090d/logs/visual_stable_v8p1_task4_R2retentionRepair_seed2/command.txt,visual-antmaze-medium-navigate,task4,visual-antmaze-medium-navigate-singletask-task4-v0,R2_retention_repair,v8p1,2,1000000,1000000,completed_1m,0.5,-816.84,817.34,0.86,100000,-610.64,611.5,0.56,500000,-0.36,1:0 -> 100k:0.86 -> 200k:0.58 -> 300k:0.6 -> 400k:0.56 -> 500k:0.56 -> 600k:0.36 -> 700k:0.38 -> 800k:0.46 -> 900k:0.52 -> 1M:0.5,True,28,True,True,training/actor/actor_anchor_gate=1; training/actor/actor_anchor_loss=1.59197; training/actor/actor_disagree=1.17464; training/actor/actor_disagree_penalty=0.999999; training/critic/pm/base_ess=2.47352; training/critic/pm/base_weight_max=0.617063; training/critic/pm/disagree_mean=0.30948; training/critic/pm/disagree_std=0.908631; training/critic/pm/energy_for_reliability=2180.19; training/critic/pm/energy_reliability_is_residual=0; training/critic/pm/ess=3.45915; training/critic/pm/ess_max=3.99999; training/critic/pm/ess_min=2.91737; training/critic/pm/ess_penalty=0.171416; training/critic/pm/flow_residual_mean=689.834; training/critic/pm/flow_residual_std=723.941; training/critic/pm/projected_ess=3.45915; training/critic/pm/projected_weight_max=0.486177; training/critic/pm/rel_weight_max=1; training/critic/pm/reliability_ess=3.45915; training/critic/pm/reliability_mean=24386.6; training/critic/pm/reliability_penalty=0; training/critic/pm/reliability_std=301900; training/critic/pm/reliability_weight_max=0.369176; training/critic/pm/weight_max=0.486177; training/critic/stable/sb_weight_max=0.486177; training/critic/stable/sb_weight_mean=0.25; training/critic/stable/sb_weight_std=0.103506; training/critic/stable/sb_weight_top10_mass=0.999999; training/stable/actor_lr=4.5e-06; training/stable/critic_lr=1.8e-05; training/stable/encoder_frozen=1; training/visual_stable/actor_lr_mult=0.015; training/visual_stable/critic_lr_mult=0.06; training/visual_stable/target_tau=0.005; validation/actor/actor_anchor_gate=0; validation/actor/actor_anchor_loss=1.51222; validation/actor/actor_disagree=1.65558; validation/actor/actor_disagree_penalty=0.999999; validation/critic/pm/base_ess=2.41701,collapse,2026-06-24T11:23:53
visual_stable_v8_1_strong_4090d_exp_visual_medium_task2_R2_stable_strong_seed2_1m_visual_medium_task2_R2_stable_strong_seed2_1m,4090d,/root/autodl-tmp/sb-value-flows-runs/visual_stable_v8_1_strong_4090d/exp/visual_medium_task2_R2_stable_strong_seed2_1m/visual_medium_task2_R2_stable_strong_seed2_1m,/root/autodl-tmp/sb-value-flows-runs/visual_stable_v8_1_strong_4090d/exp/visual_medium_task2_R2_stable_strong_seed2_1m/visual_medium_task2_R2_stable_strong_seed2_1m/sd002_20260617_230839/eval.csv,/root/autodl-tmp/sb-value-flows-runs/visual_stable_v8_1_strong_4090d/exp/visual_medium_task2_R2_stable_strong_seed2_1m/visual_medium_task2_R2_stable_strong_seed2_1m/sd002_20260617_230839/train.csv,,visual-antmaze-medium-navigate,task2,visual-antmaze-medium-navigate-singletask-task2-v0,R2_stable_strong,v8p1,2,1000000,1000000,completed_1m,0.4,-848.28,848.68,0.74,300000,-644.94,645.68,0.56,600000,-0.33999999999999997,1:0 -> 100k:0.5 -> 200k:0.62 -> 300k:0.74 -> 400k:0.56 -> 500k:0.48 -> 600k:0.56 -> 700k:0.38 -> 800k:0.3 -> 900k:0.1 -> 1M:0.4,True,32,True,True,training/actor/actor_anchor_gate=1; training/actor/actor_anchor_loss=0.240152; training/actor/actor_disagree=0.62839; training/actor/actor_disagree_penalty=0.999998; training/critic/pm/base_ess=2.46244; training/critic/pm/base_weight_max=0.619159; training/critic/pm/disagree_mean=0.351427; training/critic/pm/disagree_std=0.938614; training/critic/pm/energy_for_reliability=2210.82; training/critic/pm/energy_reliability_is_residual=0; training/critic/pm/ess=3.23466; training/critic/pm/ess_max=3.99999; training/critic/pm/ess_min=2.57891; training/critic/pm/ess_penalty=0.265978; training/critic/pm/flow_residual_mean=705.497; training/critic/pm/flow_residual_std=745.985; training/critic/pm/projected_ess=3.23466; training/critic/pm/projected_weight_max=0.531219; training/critic/pm/rel_weight_max=1; training/critic/pm/reliability_ess=3.23466; training/critic/pm/reliability_mean=8213.86; training/critic/pm/reliability_penalty=0; training/critic/pm/reliability_std=68636.1; training/critic/pm/reliability_weight_max=0.403244; training/critic/pm/weight_max=0.531219; training/critic/stable/sb_weight_max=0.531219; training/critic/stable/sb_weight_mean=0.25; training/critic/stable/sb_weight_std=0.128932; training/critic/stable/sb_weight_top10_mass=0.999999; training/stable/actor_lr=9e-06; training/stable/critic_lr=3e-05; training/stable/encoder_frozen=1; training/visual_stable/actor_lr_mult=0.03; training/visual_stable/critic_lr_mult=0.1; training/visual_stable/target_tau=0.005; validation/actor/actor_anchor_gate=0; validation/actor/actor_anchor_loss=0.28303; validation/actor/actor_disagree=1.1895; validation/actor/actor_disagree_penalty=0.999999; validation/critic/pm/base_ess=2.45878,collapse,2026-06-19T01:35:12
navigate_visual-antmaze-medium-navigate-singletask-task3-v0_A1_action_std_lam0p001_seed2_300000_stageA_visual-antmaze-medium-navigate_visual-antmaze-medium-navigate-singletask-task3-v0_A1_action_std_lam0p001_seed2_300000,4090d,/root/autodl-tmp/sb-value-flows-runs/visual_bigtable_4090d_v6/exp/stageA_visual-antmaze-medium-navigate_visual-antmaze-medium-navigate-singletask-task3-v0_A1_action_std_lam0p001_seed2_300000/stageA_visual-antmaze-medium-navigate_visual-antmaze-medium-navigate-singletask-task3-v0_A1_action_std_lam0p001_seed2_300000,/root/autodl-tmp/sb-value-flows-runs/visual_bigtable_4090d_v6/exp/stageA_visual-antmaze-medium-navigate_visual-antmaze-medium-navigate-singletask-task3-v0_A1_action_std_lam0p001_seed2_300000/stageA_visual-antmaze-medium-navigate_visual-antmaze-medium-navigate-singletask-task3-v0_A1_action_std_lam0p001_seed2_300000/sd002_20260609_224657/eval.csv,/root/autodl-tmp/sb-value-flows-runs/visual_bigtable_4090d_v6/exp/stageA_visual-antmaze-medium-navigate_visual-antmaze-medium-navigate-singletask-task3-v0_A1_action_std_lam0p001_seed2_300000/stageA_visual-antmaze-medium-navigate_visual-antmaze-medium-navigate-singletask-task3-v0_A1_action_std_lam0p001_seed2_300000/sd002_20260609_224657/train.csv,,visual-antmaze-medium-navigate,task3,visual-antmaze-medium-navigate-singletask-task3-v0,A1,v6,2,300000,300000,completed_300k,0.2,-918.0,918.2,0.5,200000,-716.5,717.0,nan,nan,-0.3,1:0 -> 100k:0.3 -> 200k:0.5 -> 300k:0.2,False,0,False,False,training/actor/actor_disagree=0.293251; training/actor/actor_disagree_penalty=0.999997; training/critic/pm/base_ess=2.43518; training/critic/pm/base_weight_max=0.618679; training/critic/pm/disagree_mean=0; training/critic/pm/disagree_std=0; training/critic/pm/energy_for_reliability=736.978; training/critic/pm/energy_reliability_is_residual=0; training/critic/pm/ess=2.43517; training/critic/pm/ess_max=3.85646; training/critic/pm/ess_min=2.14536; training/critic/pm/ess_penalty=0.66759; training/critic/pm/flow_residual_mean=0; training/critic/pm/flow_residual_std=0; training/critic/pm/projected_ess=2.43517; training/critic/pm/projected_weight_max=0.618425; training/critic/pm/rel_weight_max=1; training/critic/pm/reliability_ess=2.43517; training/critic/pm/reliability_mean=640.085; training/critic/pm/reliability_penalty=0; training/critic/pm/reliability_std=545.567; training/critic/pm/reliability_weight_max=0.515298; training/critic/pm/weight_max=0.618425; validation/actor/actor_disagree=0.30361; validation/actor/actor_disagree_penalty=0.999997; validation/critic/pm/base_ess=2.42294; validation/critic/pm/base_weight_max=0.620189; validation/critic/pm/disagree_mean=0; validation/critic/pm/disagree_std=0; validation/critic/pm/energy_for_reliability=636.581; validation/critic/pm/energy_reliability_is_residual=0; validation/critic/pm/ess=2.4229; validation/critic/pm/ess_max=3.35559; validation/critic/pm/ess_min=2.15886; validation/critic/pm/ess_penalty=0.669846; validation/critic/pm/flow_residual_mean=0; validation/critic/pm/flow_residual_std=0; validation/critic/pm/projected_ess=2.4229; validation/critic/pm/projected_weight_max=0.619952; validation/critic/pm/rel_weight_max=1,collapse;severe_collapse,2026-06-10T00:03:52
_visual-antmaze-teleport-navigate-singletask-task3-v0_A1_action_std_lam0p001_seed2_1000000_stageB_visual-antmaze-teleport-navigate_visual-antmaze-teleport-navigate-singletask-task3-v0_A1_action_std_lam0p001_seed2_1000000,4090d,/root/autodl-tmp/sb-value-flows-runs/visual_bigtable_4090d_v6/exp/stageB_visual-antmaze-teleport-navigate_visual-antmaze-teleport-navigate-singletask-task3-v0_A1_action_std_lam0p001_seed2_1000000/stageB_visual-antmaze-teleport-navigate_visual-antmaze-teleport-navigate-singletask-task3-v0_A1_action_std_lam0p001_seed2_1000000,/root/autodl-tmp/sb-value-flows-runs/visual_bigtable_4090d_v6/exp/stageB_visual-antmaze-teleport-navigate_visual-antmaze-teleport-navigate-singletask-task3-v0_A1_action_std_lam0p001_seed2_1000000/stageB_visual-antmaze-teleport-navigate_visual-antmaze-teleport-navigate-singletask-task3-v0_A1_action_std_lam0p001_seed2_1000000/sd002_20260611_032534/eval.csv,/root/autodl-tmp/sb-value-flows-runs/visual_bigtable_4090d_v6/exp/stageB_visual-antmaze-teleport-navigate_visual-antmaze-teleport-navigate-singletask-task3-v0_A1_action_std_lam0p001_seed2_1000000/stageB_visual-antmaze-teleport-navigate_visual-antmaze-teleport-navigate-singletask-task3-v0_A1_action_std_lam0p001_seed2_1000000/sd002_20260611_032534/train.csv,,visual-antmaze-teleport-navigate,task3,visual-antmaze-teleport-navigate-singletask-task3-v0,A1,v6,2,1000000,1000000,completed_1m,0.0,-1000.0,1000.0,0.3,250000,-791.2,791.5,0.2,600000,-0.3,1:0 -> 100k:0 -> 200k:0 -> 300k:0.1 -> 400k:0.1 -> 500k:0 -> 600k:0.2 -> 700k:0 -> 800k:0.2 -> 900k:0.1 -> 1M:0,False,0,False,False,training/actor/actor_disagree=0.283592; training/actor/actor_disagree_penalty=0.999996; training/critic/pm/base_ess=2.50803; training/critic/pm/base_weight_max=0.612746; training/critic/pm/disagree_mean=0; training/critic/pm/disagree_std=0; training/critic/pm/energy_for_reliability=1154.56; training/critic/pm/energy_reliability_is_residual=0; training/critic/pm/ess=2.50808; training/critic/pm/ess_max=3.87178; training/critic/pm/ess_min=2.1704; training/critic/pm/ess_penalty=0.619739; training/critic/pm/flow_residual_mean=0; training/critic/pm/flow_residual_std=0; training/critic/pm/projected_ess=2.50808; training/critic/pm/projected_weight_max=0.612508; training/critic/pm/rel_weight_max=1; training/critic/pm/reliability_ess=2.50808; training/critic/pm/reliability_mean=2265.98; training/critic/pm/reliability_penalty=0; training/critic/pm/reliability_std=3791.76; training/critic/pm/reliability_weight_max=0.49845; training/critic/pm/weight_max=0.612508; validation/actor/actor_disagree=0.24412; validation/actor/actor_disagree_penalty=0.999996; validation/critic/pm/base_ess=2.4878; validation/critic/pm/base_weight_max=0.619597; validation/critic/pm/disagree_mean=0; validation/critic/pm/disagree_std=0; validation/critic/pm/energy_for_reliability=998.071; validation/critic/pm/energy_reliability_is_residual=0; validation/critic/pm/ess=2.48784; validation/critic/pm/ess_max=3.69906; validation/critic/pm/ess_min=2.15082; validation/critic/pm/ess_penalty=0.631776; validation/critic/pm/flow_residual_mean=0; validation/critic/pm/flow_residual_std=0; validation/critic/pm/projected_ess=2.48784; validation/critic/pm/projected_weight_max=0.619846; validation/critic/pm/rel_weight_max=1,collapse,2026-06-11T07:33:58
ate-singletask-task3-v0_R2_flow_residual_disagree_std_lam0p001_seed2_300000_stageA_visual-antmaze-teleport-navigate_visual-antmaze-teleport-navigate-singletask-task3-v0_R2_flow_residual_disagree_std_lam0p001_seed2_300000,4090d,/root/autodl-tmp/sb-value-flows-runs/visual_bigtable_4090d_v6/exp/stageA_visual-antmaze-teleport-navigate_visual-antmaze-teleport-navigate-singletask-task3-v0_R2_flow_residual_disagree_std_lam0p001_seed2_300000/stageA_visual-antmaze-teleport-navigate_visual-antmaze-teleport-navigate-singletask-task3-v0_R2_flow_residual_disagree_std_lam0p001_seed2_300000,/root/autodl-tmp/sb-value-flows-runs/visual_bigtable_4090d_v6/exp/stageA_visual-antmaze-teleport-navigate_visual-antmaze-teleport-navigate-singletask-task3-v0_R2_flow_residual_disagree_std_lam0p001_seed2_300000/stageA_visual-antmaze-teleport-navigate_visual-antmaze-teleport-navigate-singletask-task3-v0_R2_flow_residual_disagree_std_lam0p001_seed2_300000/sd002_20260610_053423/eval.csv,/root/autodl-tmp/sb-value-flows-runs/visual_bigtable_4090d_v6/exp/stageA_visual-antmaze-teleport-navigate_visual-antmaze-teleport-navigate-singletask-task3-v0_R2_flow_residual_disagree_std_lam0p001_seed2_300000/stageA_visual-antmaze-teleport-navigate_visual-antmaze-teleport-navigate-singletask-task3-v0_R2_flow_residual_disagree_std_lam0p001_seed2_300000/sd002_20260610_053423/train.csv,,visual-antmaze-teleport-navigate,task3,visual-antmaze-teleport-navigate-singletask-task3-v0,R2,v6,2,300000,300000,completed_300k,0.0,-1000.0,1000.0,0.3,250000,-781.3,781.6,nan,nan,-0.3,1:0 -> 100k:0.1 -> 200k:0.1 -> 300k:0,False,0,False,False,training/actor/actor_disagree=0.299989; training/actor/actor_disagree_penalty=0.999997; training/critic/pm/base_ess=2.71794; training/critic/pm/base_weight_max=0.607644; training/critic/pm/disagree_mean=0.0702362; training/critic/pm/disagree_std=0.181507; training/critic/pm/energy_for_reliability=1798.82; training/critic/pm/energy_reliability_is_residual=0; training/critic/pm/ess=2.71798; training/critic/pm/ess_max=3.99962; training/critic/pm/ess_min=2.16604; training/critic/pm/ess_penalty=0.541468; training/critic/pm/flow_residual_mean=500.677; training/critic/pm/flow_residual_std=583.677; training/critic/pm/projected_ess=2.71798; training/critic/pm/projected_weight_max=0.607352; training/critic/pm/rel_weight_max=1; training/critic/pm/reliability_ess=2.71798; training/critic/pm/reliability_mean=24398; training/critic/pm/reliability_penalty=0; training/critic/pm/reliability_std=66483.2; training/critic/pm/reliability_weight_max=0.473965; training/critic/pm/weight_max=0.607352; validation/actor/actor_disagree=0.238343; validation/actor/actor_disagree_penalty=0.999996; validation/critic/pm/base_ess=2.72268; validation/critic/pm/base_weight_max=0.613229; validation/critic/pm/disagree_mean=0.0848196; validation/critic/pm/disagree_std=0.17751; validation/critic/pm/energy_for_reliability=1838.7; validation/critic/pm/energy_reliability_is_residual=0; validation/critic/pm/ess=2.72264; validation/critic/pm/ess_max=3.99998; validation/critic/pm/ess_min=2.14542; validation/critic/pm/ess_penalty=0.533864; validation/critic/pm/flow_residual_mean=671.93; validation/critic/pm/flow_residual_std=997.254; validation/critic/pm/projected_ess=2.72264; validation/critic/pm/projected_weight_max=0.612798; validation/critic/pm/rel_weight_max=1,collapse,2026-06-10T06:55:48
al-cube-double-play-singletask-task5-v0_R2_flow_residual_disagree_std_lam0p001_seed2_1000000_stageB_visual-cube-double-play_visual-cube-double-play-singletask-task5-v0_R2_flow_residual_disagree_std_lam0p001_seed2_1000000,4090d,/root/autodl-tmp/sb-value-flows-runs/visual_bigtable_4090d_v6/exp/stageB_visual-cube-double-play_visual-cube-double-play-singletask-task5-v0_R2_flow_residual_disagree_std_lam0p001_seed2_1000000/stageB_visual-cube-double-play_visual-cube-double-play-singletask-task5-v0_R2_flow_residual_disagree_std_lam0p001_seed2_1000000,/root/autodl-tmp/sb-value-flows-runs/visual_bigtable_4090d_v6/exp/stageB_visual-cube-double-play_visual-cube-double-play-singletask-task5-v0_R2_flow_residual_disagree_std_lam0p001_seed2_1000000/stageB_visual-cube-double-play_visual-cube-double-play-singletask-task5-v0_R2_flow_residual_disagree_std_lam0p001_seed2_1000000/sd002_20260611_162718/eval.csv,/root/autodl-tmp/sb-value-flows-runs/visual_bigtable_4090d_v6/exp/stageB_visual-cube-double-play_visual-cube-double-play-singletask-task5-v0_R2_flow_residual_disagree_std_lam0p001_seed2_1000000/stageB_visual-cube-double-play_visual-cube-double-play-singletask-task5-v0_R2_flow_residual_disagree_std_lam0p001_seed2_1000000/sd002_20260611_162718/train.csv,,visual-cube-double-play,task5,visual-cube-double-play-singletask-task5-v0,R2,v6,2,1000000,1000000,completed_1m,0.0,-998.7,500.0,0.3,650000,-841.6,455.9,0.3,650000,-0.3,1:0 -> 100k:0 -> 200k:0 -> 300k:0.2 -> 400k:0 -> 500k:0 -> 600k:0 -> 700k:0 -> 800k:0 -> 900k:0 -> 1M:0,False,0,False,False,training/actor/actor_disagree=0.990654; training/actor/actor_disagree_penalty=0.999999; training/critic/pm/base_ess=2.64125; training/critic/pm/base_weight_max=0.619918; training/critic/pm/disagree_mean=0.265802; training/critic/pm/disagree_std=0.490639; training/critic/pm/energy_for_reliability=3196.65; training/critic/pm/energy_reliability_is_residual=0; training/critic/pm/ess=2.64132; training/critic/pm/ess_max=3.48269; training/critic/pm/ess_min=2.14377; training/critic/pm/ess_penalty=0.543921; training/critic/pm/flow_residual_mean=944.658; training/critic/pm/flow_residual_std=949.955; training/critic/pm/projected_ess=2.64132; training/critic/pm/projected_weight_max=0.619665; training/critic/pm/rel_weight_max=1; training/critic/pm/reliability_ess=2.64132; training/critic/pm/reliability_mean=3941.08; training/critic/pm/reliability_penalty=0; training/critic/pm/reliability_std=26635.8; training/critic/pm/reliability_weight_max=0.492022; training/critic/pm/weight_max=0.619665; validation/actor/actor_disagree=0.802736; validation/actor/actor_disagree_penalty=0.999999; validation/critic/pm/base_ess=2.4313; validation/critic/pm/base_weight_max=0.610865; validation/critic/pm/disagree_mean=0.393355; validation/critic/pm/disagree_std=0.746621; validation/critic/pm/energy_for_reliability=3198.62; validation/critic/pm/energy_reliability_is_residual=0; validation/critic/pm/ess=2.43148; validation/critic/pm/ess_max=3.63244; validation/critic/pm/ess_min=2.17125; validation/critic/pm/ess_penalty=0.667778; validation/critic/pm/flow_residual_mean=1033.52; validation/critic/pm/flow_residual_std=977.644; validation/critic/pm/projected_ess=2.43148; validation/critic/pm/projected_weight_max=0.610425; validation/critic/pm/rel_weight_max=1,collapse,2026-06-11T20:40:22
